{"cameraMode":{"drawMode":0,"name":"Shaded","section":"Shading Mode"},"sceneLighting":true,"audioPlay":false,"sceneViewState":{"showFog":true,"showMaterialUpdate":false,"showSkybox":true,"showFlares":true,"showImageEffects":true,"showParticleSystems":true,"showVisualEffectGraphs":true,"m_FxEnabled":true},"in2DMode":false,"pivot":{"x":-0.26595941185951235,"y":1.1641173362731934,"z":0.4123852550983429},"rotation":{"x":0.7810160517692566,"y":-0.2156323343515396,"z":0.37151071429252627,"w":0.45331722497940066},"size":1.5139379501342774,"orthographic":true}